"beta1","beta2","beta3","beta4","beta5"
4.00483672064418,5.72912453248026,2.08974153222917,1.90055923622687,0.400046303668786
3.98804737897302,6.19350261974462,2.25099783960072,1.91685858555802,0.399411628779028
3.96892652191568,5.65742793356339,2.07933298940493,1.89384310389809,0.381829809088533
4.00634776058409,5.9113494025724,2.15704740668587,1.91927796228277,0.397546094316164
3.98756651777395,5.61942227451632,2.05574723416599,1.86836667208075,0.37995271732646
NA,NA,NA,NA,NA
3.62608417687205,5.67322476081286,2.12999305271379,1.75725467080741,0.124262642712664
3.98887605724433,5.628677827491,2.02074608774548,1.91192644985883,0.401189399511855
4.05306340602879,5.64543725066675,2.07502475572907,1.90145650648054,0.392046457701355
NA,NA,NA,NA,NA
3.9939250778168,5.67492172669711,2.09354685914658,1.91386030032807,0.421190774084021
4.03287729379417,5.85573472412505,2.17535983876887,1.91175065246312,0.402136631540598
NA,NA,NA,NA,NA
3.97824477430722,5.66203276436054,2.07276416991581,1.92656274700693,0.396984887247198
4.0046295078135,5.64002968178225,2.05845807280388,1.91470519227427,0.409300863986172
3.99560710707909,5.79154984235816,2.10869237435415,1.90784562690738,0.377677102046669
3.96469603144796,5.46597416591232,2.0313056939813,1.8931580448727,0.391288400012569
3.98242502469778,5.50029387162109,2.03144687800954,1.88359194609204,0.378550753168088
3.96424899436368,5.45377583047663,1.98956737036911,1.89471487795999,0.369579518125342
3.97563713058624,6.17116626482018,2.23988096021734,1.91775713438078,0.401623092084638
4.01334739160711,5.4996465909696,2.00900571974196,1.9012147307995,0.365659323962271
3.99108049776062,6.20109151560999,2.25827032763199,1.92499944860301,0.415737908302858
4.02245378754074,5.49056886635967,2.03056102127776,1.90352017373955,0.386725099578122
4.00425482278955,6.0601434114419,2.18236355423731,1.9120120461004,0.406595265786094
3.93961940161312,5.73361203710595,2.09484532302261,1.87998566687423,0.375975829251469
4.03231174976817,5.92504777261806,2.16214367957205,1.9063817387421,0.402625151406541
3.98289710226103,5.58408656647024,2.06320371847202,1.94606457553657,0.428146027538105
3.98978434966785,5.69616243463041,2.07876277408611,1.90379644324153,0.391791716439922
3.6699513261699,5.83821095586686,2.1226203286667,1.76336640642447,0.124487223040593
4.0016324641318,6.46131759460499,2.32259482243486,1.91239011955086,0.401547466564848
3.59969555553027,5.86251806986423,2.19481998380791,1.76151782734545,0.117601001609038
3.98935830789812,5.57908773826131,2.04416884681552,1.9011048271259,0.399551169889062
NA,NA,NA,NA,NA
4.02756265629769,5.46899158207277,1.98261289794488,1.87794763025469,0.407249674071958
3.60891902826981,6.09101908835496,2.24035742395708,1.77875766819967,0.111067889965365
4.04685655173087,5.53166803137698,1.99776302600284,1.93462328303449,0.416399562053462
3.95299178144128,6.05300696728642,2.19033214619034,1.94544702982308,0.415962393235736
3.94653147325071,5.46059569692818,2.0207874073771,1.92248002424995,0.382861232023446
3.97100728403514,5.94365214543609,2.17978862886207,1.91602759695901,0.400299036635605
3.66184002998269,5.83194927859878,2.15774535298966,1.78413428246374,0.142565172581827
3.96188561438084,5.69724950106649,2.09836304524031,1.8775316119361,0.391350001531722
3.99231388980153,5.56134329922863,2.04280818624308,1.89879375803101,0.397217158005838
NA,NA,NA,NA,NA
3.98800795709236,5.92067049496306,2.13691354637186,1.94667547313199,0.413259815228508
3.97479115529642,5.19939146498273,1.92215393981329,1.87254809133868,0.377861854330443
3.96443680818311,5.7338390812182,2.102704345016,1.87560741242435,0.365098583828507
3.980030514242,5.71834581901075,2.05906891884594,1.9099723630421,0.376732917590435
4.00773061167225,6.32559555629691,2.29536355449316,1.92133670121473,0.411385121561914
3.95505300269694,6.03163857953386,2.16498541447457,1.89215468116606,0.388107285902523
3.98580852770207,5.89930871889971,2.15664246779599,1.91842721383132,0.409817174175867
3.97625732396169,6.50023145554796,2.36231183273122,1.94696648417012,0.410652638516807
3.99157818243329,5.49067408184849,1.99853994233989,1.86726047851361,0.394349711775398
3.96164983539373,5.80458196387146,2.13123065436813,1.93780015919329,0.384304076155361
3.9558637206242,5.60570735180868,2.04738497554212,1.89780383417095,0.398449731884933
4.00781908192474,5.37658103189621,1.97173634277455,1.86673860750584,0.385781903503772
4.02553988111435,5.51365209226027,2.0047326433947,1.89305910685435,0.386498504552566
3.96733415695561,5.46750648262397,2.00984958797096,1.89328340319316,0.403856489479297
3.96362354813499,5.42525201456504,1.95734124583733,1.88257371831153,0.38872367982099
3.98854634674439,5.78666470228548,2.13757147640886,1.86740461602243,0.371795797977689
3.95840069908913,5.58311449048144,2.00237576366104,1.90279730352159,0.395646633690443
3.97994544697667,5.6199111878004,2.1010096910441,1.90995844753159,0.403705012224701
4.02160514968833,5.622440317426,2.06074288132049,1.91836680793715,0.412189053396155
4.0104036271575,5.83813787819492,2.13286188188694,1.93167796046842,0.426521937681871
4.01518994520999,5.48847372331785,2.01019824940528,1.88682631813669,0.375226162286169
4.00429057965675,5.76071228690479,2.11346364435544,1.88956830800659,0.396574738492692
3.99862008114501,5.86730012641469,2.1168373184411,1.92456767907936,0.401229413105751
4.03104220892137,5.64319410342604,2.02544127943057,1.92313309936502,0.388376646663471
3.96366738327861,5.52028004294992,2.04106522284665,1.86588047397588,0.378762195255834
4.00551688007459,5.52990737774883,2.02670272714196,1.90285439184995,0.387653425872472
4.01897290395688,6.19545445973274,2.29027220278278,1.93213449205481,0.404596158195618
3.96275231065121,5.765026361381,2.12520562726875,1.90465903697915,0.395953023690686
3.95297989245408,5.56117103758975,2.0160194846021,1.88334002374374,0.408457253218371
3.98962237136148,5.55065022644563,2.04890774266402,1.89207424338371,0.393501932068144
4.01078184308751,5.71410243443404,2.07815017216736,1.93417522198461,0.405446673514601
3.98627644619349,5.78207282739837,2.10538160902012,1.87926532806639,0.391957567063425
3.96283618699323,5.96789735065304,2.13925458124442,1.88969044239932,0.380164773320039
3.94582632579731,5.82611174243421,2.11116885063467,1.87002846312388,0.367226703528539
3.94563489960326,5.78469059455344,2.07790605424865,1.91080365335394,0.388369448115758
4.01076654199407,5.58760408225657,2.06837358423104,1.90109555564197,0.387619291644956
3.62555084310366,5.97839312730748,2.23014613890524,1.78442070680128,0.140002893221829
3.98036785791398,5.61337812581368,2.05640949231088,1.87388552413911,0.388096289231468
3.99496750857402,5.8401682160937,2.13510142820205,1.90692406838358,0.397888383026678
3.98453596349172,5.79116253169752,2.10085148334885,1.87894153830862,0.389596949479833
3.95341197076932,5.59561976600287,2.05770793041548,1.92439962942399,0.400985937716234
3.97939377709164,5.62360235440102,2.02424970996068,1.89512246986575,0.392396325920465
3.99725774324593,5.78523832898628,2.11904899853675,1.91806174565561,0.409162045247836
3.96533881037991,6.26146421100567,2.28524204715411,1.94158251889616,0.405864699980975
4.00136881017311,6.15502806987213,2.26333232352815,1.95256572129744,0.417292717722314
NA,NA,NA,NA,NA
3.97240450207804,5.76849943034339,2.13063287729877,1.89880609723002,0.377961164824275
4.01512297538077,5.70434956242105,2.08060862965448,1.94176388333235,0.39122721421771
4.00820708053687,5.45012261488968,1.94482486153936,1.88857238965356,0.379130053248787
3.96260983249172,5.88332647762383,2.11487356849248,1.94018760772182,0.391278078053094
3.98047974125277,6.02515945158606,2.17020711243433,1.93042091544212,0.389915623432833
NA,NA,NA,NA,NA
3.96192509274068,5.66606412014892,2.08690781187677,1.88435428738326,0.381588769189643
4.0149738050463,6.34122523571472,2.31005710085142,1.93143289135192,0.401348434682391
3.97254445134078,5.67331471456476,2.08262366742631,1.91372462566778,0.391281885889002
4.03184631161401,5.67799166883729,2.11173063709893,1.87349414028822,0.363782570605869
3.99226080858994,5.42104154704848,2.00241229510451,1.88968695372422,0.379122608790224
3.99673464149414,5.72861586792592,2.09863266091174,1.89724737788172,0.390575784626716
3.97576570821742,5.59852929591258,2.0628689525636,1.92427644958987,0.405941419025339
3.95473361581933,5.6957649158802,2.09726510012723,1.93301071071416,0.399318365292491
3.98809414422456,5.68294533848186,2.08021498209294,1.92245976203746,0.406093953375821
NA,NA,NA,NA,NA
3.98086969653716,5.62807343195171,2.05510186656616,1.89788717739188,0.373799150493645
3.95643952822372,5.5836818523929,2.04026194203564,1.92237745502507,0.401745690808614
3.99220103753776,5.47368812517172,2.0037191527756,1.90433586606709,0.381429923751776
4.00350550750536,5.53386760251525,2.02599577765732,1.89336764386521,0.388240088084246
4.03016103665635,5.60319406083245,2.03442241354466,1.90574092406467,0.395385439170965
3.97607071756471,5.80932456102025,2.11705720486497,1.88878816222569,0.385420186884532
4.00309997222645,5.78794034220605,2.08183720341799,1.92012730425545,0.385744345359182
NA,NA,NA,NA,NA
NA,NA,NA,NA,NA
3.91205922568606,5.48527387778192,2.01466296540094,1.8858011485311,0.379037124738337
NA,NA,NA,NA,NA
4.03940158955276,5.61420774683979,2.04872679198471,1.90855931266377,0.418941241196868
4.00455079434191,5.43073861154056,1.99154251841034,1.91383020027908,0.412975283733575
3.99166255260526,6.0558675080364,2.19555008837229,1.90537423106903,0.388184174901516
3.95164629640679,6.02659434809049,2.21514334942018,1.91669323576443,0.407091063849499
3.99288563288292,5.56478842333514,2.08929748004258,1.932956229757,0.408419884500012
3.96839227970637,5.61457904043285,1.99619894959135,1.90988462314101,0.392866082196175
NA,NA,NA,NA,NA
3.94742509451707,5.78797593066735,2.10736421878268,1.91451504160083,0.409372024681316
3.9993397705827,5.86215271027921,2.13934148192552,1.91233175383539,0.410337447933082
3.96279644583291,5.83414909790338,2.08602532063011,1.89958695316676,0.387497468973935
3.9958538958666,5.96782409832153,2.17980507427344,1.89510967967988,0.382672585828432
NA,NA,NA,NA,NA
3.98186530751333,5.64658420610543,2.09314605214915,1.87805281453522,0.369874723262676
3.96873130438231,6.02578257324622,2.17472606324124,1.9082409669816,0.405845404141785
4.005582863457,6.03938612608757,2.22019002449814,1.89220274333869,0.402064724242014
3.95108317419556,6.12209594679051,2.19726320285828,1.88784243053391,0.377071392918177
4.00591146364188,5.85402797649751,2.16938652472077,1.92071985946953,0.408640051071164
4.04099294499673,5.69401167146306,2.08462804572726,1.89265390820641,0.392627792109361
3.98730608206086,5.83628664581783,2.1264172511122,1.90154876435164,0.398556068260819
4.03693695922871,5.8904697592962,2.14821543391252,1.92558756334622,0.387952352478605
NA,NA,NA,NA,NA
3.98272296085216,5.43375772187795,1.96915469897703,1.87522675069378,0.405791618998967
3.993698575259,5.35393452413698,1.9441063996152,1.88792209099993,0.393544221430617
3.99454504581297,5.73782275391457,2.07706651443986,1.9017646452554,0.401968339148172
4.05824396043476,5.75527777702848,2.07692304372617,1.90626067496314,0.384138605632449
3.97011788425036,5.4096829778677,2.0020534889853,1.89452306853062,0.377141079380236
3.98955890866986,5.28652657003901,1.92080085843869,1.89647916251431,0.373465254519556
4.04303532747521,5.8002482002123,2.12862835914479,1.88622396763926,0.379241399715935
3.96909054013977,5.56630094336263,2.03792569421043,1.90048119015119,0.391483876463872
3.98068119525336,5.56181056414751,2.02348407412546,1.8843872711796,0.383089472957944
NA,NA,NA,NA,NA
NA,NA,NA,NA,NA
3.98167680382098,5.34112326599921,1.92903905726107,1.91635516465279,0.383057935232977
3.97381205416431,5.72179345889692,2.09495810942206,1.88699492577405,0.386821059333749
3.95129946412733,5.74271260900768,2.11016940510706,1.88760815332372,0.380398379534185
3.98069689270722,5.97292476278573,2.17098919422622,1.90965202292297,0.39407465246765
4.02055046860693,6.00078953119527,2.20645289450546,1.91794625225934,0.401753127805875
3.93625412897521,5.85847681643169,2.14624848634424,1.91534817358769,0.408858079560577
3.97079055065157,5.82903535614749,2.14247036819464,1.91634920460074,0.397549914958808
3.95198355756822,5.69309087529899,2.05004194602957,1.89557767573383,0.367868425706728
3.97894565602665,5.51151153985614,2.00117086991056,1.86838407519238,0.375454596749833
3.97672271279009,6.30353703132941,2.27912902430894,1.94455207995853,0.39128309504259
3.98418275661699,5.43924196473882,1.99339718065072,1.85973633712192,0.384441008089997
NA,NA,NA,NA,NA
NA,NA,NA,NA,NA
4.01938165114007,6.12666463993494,2.22252950715166,1.91505010702068,0.406767967350187
4.02091933473828,6.05084631916917,2.21485373741567,1.93642949089529,0.434141866470104
3.96173553330406,5.80787160604835,2.11200497878869,1.94501803946029,0.416704437841086
4.01169973213859,5.61429931478002,1.99596817428843,1.92423894637408,0.397696632105428
3.96595768703038,5.46706406838157,1.98112689546788,1.85558258381026,0.345594866702497
3.96805794399279,5.55735907958123,1.98677898914527,1.87850114941888,0.387714423317273
4.04081851909304,5.81812092051582,2.08472460659102,1.91897586017767,0.399487377471267
4.01094872913514,5.89714583609431,2.1493520062252,1.90317956254488,0.393740584447709
3.98838747223416,5.6438619304085,2.04752083028998,1.96456260054106,0.42665443542171
3.99732959715177,5.71214267424219,2.06735124737973,1.90009130279257,0.407395749334585
4.03061570438578,5.94052769733643,2.1712304742625,1.92468023769022,0.429366284546266
4.00604771862081,5.85433810870937,2.14871145777061,1.90663103395455,0.40716496762564
NA,NA,NA,NA,NA
3.99036582568046,5.5764715053742,2.05658559843433,1.90277645216453,0.377113786182851
3.97510177947448,5.69740672368799,2.08179994897948,1.92616033102102,0.393992626760054
4.02925430945311,5.43191043593652,1.97244741827879,1.88023361731861,0.406397750897857
4.04006893520539,5.95136031467521,2.16287445035899,1.92059978303404,0.413197272895069
4.05555042994661,5.31959532071638,1.95796891429319,1.88532960484704,0.408287585144948
3.64916443689791,6.01507459487405,2.19897293264466,1.78113325679271,0.111482933080605
4.03353178263557,5.79887006679964,2.09375670992164,1.90498221032561,0.386499235883661
3.98180214621663,5.59640855747771,2.00911743982207,1.88652929078058,0.372991389589118
3.97061947387396,5.6420203137089,2.07830773602762,1.87412206222822,0.387395767118293
NA,NA,NA,NA,NA
4.00085209552778,6.21271132420601,2.28175059387884,1.91202105891629,0.405606559826369
4.0092468734913,6.06940965449486,2.21767748395141,1.91171411678287,0.382350947006743
4.04275241175441,5.60912463407206,2.03891038627211,1.88018410454855,0.380449679512567
3.97978084291491,5.77131580727802,2.07054459101619,1.91617473157434,0.390380728542583
NA,NA,NA,NA,NA
4.05301775764967,6.05737322617689,2.19955045847762,1.88958125179421,0.377562867135836
3.97925396955356,5.46849784277282,2.0215183779281,1.85997921192864,0.352024961074574
4.01823257696124,5.87367233280829,2.11934374088407,1.89617701992258,0.392643036189625
4.04115613799618,5.55225692127403,1.9702931959199,1.88106721032842,0.399369208491975
3.97132237448723,5.66455226474821,2.05048879600348,1.90758966305327,0.38612719863798
4.03731919325412,5.42100863606046,1.98729489317629,1.90864341390861,0.400487140935518
4.01668615341018,5.85885416558054,2.12502931570856,1.92444368388202,0.396872282001775
3.99666456636623,5.25618790730701,1.9308614299287,1.89262940895784,0.384199575438529
3.98847853456953,6.48082904586863,2.37414095526441,1.92200995668923,0.400126646528328
4.00330911381535,5.94887069786819,2.16777016886341,1.90501942797636,0.39816209750012
4.07379915368778,5.95595096481404,2.18009025539609,1.92513339326018,0.398338196548238
3.97537718055011,5.88459764977253,2.13255125743976,1.95759566813591,0.396114131515275
3.9920253695444,6.57154910489207,2.41017933477833,1.94452215523221,0.407243900383257
4.0280912525912,5.51581855846265,1.99017827534891,1.90173397143724,0.386713465324496
3.902622207451,5.53052097294862,2.01430912807514,1.91456209170555,0.39352229701616
4.00503823040871,5.803836192373,2.12581405865747,1.89874668748545,0.397731048187867
4.00046278247822,6.39571741362874,2.35648495239186,1.89451529852015,0.38978549271813
3.95998679257156,5.81785322838917,2.14163690355167,1.93759297698305,0.394793997122505
4.01925269480815,5.3909208750898,1.9447458029245,1.8753339966407,0.39307550225106
3.95916647054541,6.09491555860633,2.24899227596556,1.95914389070463,0.407965676831889
3.97243491193489,5.67190597952954,2.04038186486602,1.93580075826583,0.395411033906586
4.0169011026525,5.8016001542346,2.10966598698087,1.89348025860351,0.396999929620142
3.99464383175976,5.97745796777153,2.20816494218667,1.92332501796286,0.395420111004481
4.04277000085782,5.52678524562487,2.00990269484162,1.91550917623406,0.40347112634329
4.0848495403935,5.42683190985756,2.0026725891698,1.91803555616913,0.37776355353408
3.98943759169261,5.91763322353174,2.14136667735174,1.92029307594414,0.417214598689188
4.01517053662914,5.22080202888653,1.91936264160285,1.90668417277752,0.396598983708074
3.98774922323084,5.43964571018065,2.00223226958254,1.89473130678163,0.388507727869085
NA,NA,NA,NA,NA
4.04005711808576,6.05655483692799,2.18997400451553,1.91917845438931,0.400074941418966
3.94261337475353,5.40535782823162,1.97387295460447,1.90212830292369,0.381600901090342
4.01944813458767,5.77051202023513,2.11658267296612,1.90130755796531,0.397997944971854
NA,NA,NA,NA,NA
4.04472918161933,5.11848103053298,1.86594023960362,1.86801771467489,0.372640391031046
4.05299323653917,5.47293119520037,1.98544718355429,1.92590576344606,0.413633513505282
3.96981665452108,5.73322560491161,2.10285616241912,1.91958419587267,0.407439333156489
NA,NA,NA,NA,NA
3.96512524551445,6.69048159180793,2.47967191307658,1.94589070920527,0.431375525067859
3.97886832183569,5.475965543282,2.01834114842244,1.92831586540288,0.381627279134416
4.06260792357586,5.64850501296707,2.10412108641963,1.8814181481439,0.396276650972888
3.96885771276881,5.46744975917756,1.97126997416352,1.88909135198615,0.361102797108765
4.0407069574095,5.34824612116384,2.00965218923063,1.89579805202676,0.398417256593753
4.02785774950193,5.6158500217061,2.0721671742535,1.90700181932179,0.386461800901334
4.02430360422366,5.55036679571706,2.01026407695298,1.90128598448389,0.382928194141542
4.00661385063873,5.62097276669689,2.05456573072617,1.86947692702814,0.375220807689734
3.97191269987887,5.49713701774937,1.98279507208586,1.89808302014291,0.38020307695402
3.97409408728852,5.60577017956283,2.08091058770861,1.89477896065302,0.375268534560769
3.9802845039358,5.74826921677521,2.08420040526805,1.89988239454853,0.394028933418297
3.96817609553689,5.28642323432525,1.91342724722053,1.86820263082513,0.380178917813997
3.94500092625495,5.57057178893551,2.03286496585527,1.90007444940316,0.387494922175935
4.04965537113407,5.95048580040257,2.17284853352899,1.89732580974053,0.402616265464168
4.02625473356245,5.7527971463334,2.10082291278707,1.91536619742983,0.394143567264122
4.00672741525996,5.85971848891638,2.12610514140633,1.92979266249656,0.390901423898743
4.01848616777747,5.61543108436199,2.02867353144763,1.90430257855465,0.394955229528816
3.96597946623665,5.72074590946134,2.0566350528259,1.89943454806537,0.396833914033401
4.02456217994968,5.99175790336377,2.14183614951031,1.89339717744692,0.399993207115685
4.01821318134275,5.73071264658221,2.08283328263559,1.90078927636531,0.409719240275445
3.99751671314167,5.35859762109977,1.99391992629055,1.87696453322422,0.380660148718057
4.04087322103454,6.04979268283535,2.23084132003937,1.94073642933973,0.416016932840505
4.00975508600714,5.92399298627693,2.14628090221738,1.95318061642094,0.397463277491071
4.03440888974197,5.81474523230385,2.13107835866354,1.90430241610614,0.405214076447542
4.03881720523074,5.63927513641834,2.01897445342586,1.87608974042228,0.36477953379599
NA,NA,NA,NA,NA
3.97213886626986,5.80701953884431,2.11800840678626,1.94882598168802,0.409502437164447
4.00351702390324,5.91143927552524,2.11233795183229,1.90798581774613,0.389670170927722
4.01425007937578,5.60030706776473,2.04397693135333,1.92328951583315,0.37302510872321
3.99475326162596,5.58448800301254,2.07071098373676,1.90933218516214,0.376456703260827
4.02874972590774,5.63666012432788,2.06632748986856,1.92046762260934,0.402359064685568
4.02079236956082,5.63904090412244,2.07370385032393,1.88296420681568,0.37663998561334
NA,NA,NA,NA,NA
4.06407240976856,5.89946275521814,2.18848533548239,1.93964595335989,0.404801952447715
3.6726371807824,5.97447347210965,2.17333307329825,1.78073009650789,0.139722618920695
4.03048660840154,5.96484587387751,2.16766732318551,1.89108818446231,0.374391587085448
3.97587999002763,6.00804905660549,2.18242160394747,1.92304194618838,0.389693473710419
3.97203008164569,5.45366246129602,1.96654073443186,1.89806579547754,0.399307871874035
4.00993896267281,5.77135843006684,2.10992347929081,1.9138269528055,0.393666742679406
3.94743794455468,5.89848376180518,2.16192682091991,1.90946606535014,0.391594377360075
4.03124423989475,5.72207923604031,2.08738829039252,1.9153230007094,0.406134252595005
3.97182765968325,6.30523667626003,2.29467097306566,1.91387488222529,0.399891071711057
3.63054906156297,5.55084522867833,2.03337941696879,1.77479000349401,0.127987104218598
4.02158462223402,5.22223820943145,1.92459969021197,1.86784598340724,0.374765187509758
3.97220770176203,5.59131973569773,2.04936874532162,1.89598098169843,0.39372210876108
4.01664660982165,5.58356523374326,2.00962614817732,1.89438777379314,0.375844912951963
3.94208971395619,5.88327850539193,2.12481988526912,1.89408868638038,0.395252316474583
3.94632665318299,6.27370201852856,2.27620086030116,1.94435128080052,0.406666497983033
4.03286067317442,5.70097857886303,2.12325030937718,1.87994298248204,0.38967407792966
NA,NA,NA,NA,NA
3.95048821901735,5.55830144077443,1.98447481162896,1.8993984835746,0.374437558459062
3.95341437924715,5.55689588336959,2.03517136252304,1.89899409005464,0.393848564459804
4.02169021036523,5.97994487659403,2.18659252476174,1.92651333571218,0.404152327454947
3.97851790609307,6.0588487106895,2.21169957780171,1.90677574439533,0.431574498402163
3.99385579769251,5.70519185806642,2.10918310925425,1.94244133419586,0.408848450984493
3.99014889528557,5.58705002744421,2.05266712799709,1.90201971655531,0.383922014789965
3.99755166847022,6.02205381934563,2.24229734949641,1.92010017170769,0.397112861572606
4.05071269606582,5.88447016463023,2.17642288518681,1.89059750833358,0.409560395122626
4.04277451340396,6.1739241526462,2.25321173269138,1.93859652768874,0.406399348179419
3.97850307621285,5.8095855044406,2.14371064056711,1.89614296296685,0.382864467405133
NA,NA,NA,NA,NA
4.01943253369813,5.47345266432663,2.01693970915146,1.87816656805364,0.395339099950442
3.9986389693038,5.7305440193753,2.12402532345098,1.89916748820809,0.395308434500758
4.00551582965251,5.73964365409424,2.11534031870555,1.86871951940618,0.378292455628849
NA,NA,NA,NA,NA
4.01020000233729,5.59682294244223,2.04008068922895,1.90449152788399,0.383015256990919
3.99092194616419,5.79556891808587,2.07437768673764,1.89026928100084,0.409509448861503
4.00864861952954,6.2474687751176,2.28764944033985,1.88989572734224,0.393272191800683
3.97404425955243,5.56478961408778,2.00312752790295,1.91183695005026,0.387700455344637
3.98733047857491,5.80666350318008,2.08093809982932,1.90371472741859,0.395727631735923
4.00535364633487,5.33714464668286,1.96194512845343,1.87243111097916,0.398277008306206
3.99399876127454,5.70121160512302,2.08021453681962,1.89902191782728,0.379937628468419
4.01419245200569,5.67372835147948,2.0659800150664,1.92043295285599,0.387719035972946
4.01862321800319,5.67710799103424,2.0617513709008,1.89947485598194,0.388221726834692
3.93905800155604,5.66824872595865,2.06544086280617,1.91793232826873,0.400254284210009
4.03406076389799,5.73733378768866,2.1211573400306,1.87457844625654,0.376511034977406
4.01467239631067,5.61722222124139,2.07958868511466,1.90208281681346,0.381901655165882
4.03459865522324,5.44930550054525,1.96638130667693,1.8812817739403,0.378527690179098
4.0237289495176,5.1590809543196,1.8973494196746,1.8119936361445,0.369686618053939
4.0299737956139,5.49893166686777,1.99252234046233,1.88465441492626,0.405300041505105
4.00299152212808,5.83273516275836,2.10438744828855,1.88262467938067,0.392274312061206
3.99960872806579,5.49483911470482,2.01653532614447,1.93036184908689,0.384561249987891
4.03125313780346,6.19244856084913,2.25108995737863,1.91104633400987,0.389433717000105
NA,NA,NA,NA,NA
3.99556066477641,5.84635195022699,2.13587250402826,1.89676559928836,0.395813602022287
4.02526596024168,5.60147042703116,1.99298073388274,1.88202876735337,0.382186681010307
3.95290557691004,5.65159937752619,2.05539314907233,1.86735987079443,0.379453533124193
3.94730782642396,5.72478447067237,2.10870538226002,1.91556734654322,0.40608995862663
3.97815726519406,5.37595005490208,1.99196216231547,1.90009078096234,0.403968397400647
4.02385495770426,6.21326676916842,2.25481696263744,1.94910334787717,0.429497691941621
3.98445436081649,5.31847949803253,1.96389774663434,1.90352835690452,0.406224270071826
4.01141019412756,5.67836465098481,2.0911691688593,1.92570167738361,0.413316266832852
4.06015572694264,5.6738419400342,2.05833511894251,1.87187647926834,0.366653664907845
3.9598383305607,5.36676430230111,1.98644624657283,1.8894175331732,0.38062985477238
4.0060578527445,5.80669450098489,2.13899153035529,1.85637471837223,0.376580619566675
3.99576167980639,5.61560602779808,2.05591515942305,1.87904346458589,0.398416368823096
3.9833383237121,6.0309489164659,2.2106340763112,1.91149203518291,0.402161786099791
3.99873462439205,5.40906401404667,1.98928897022462,1.93231204079631,0.374532950702117
4.01119502823628,5.60710422860528,2.04188289825616,1.89572713929455,0.396448435604741
3.88288603466579,5.57125320437046,2.05185716952537,1.89263712658015,0.371580771628462
3.98063709979412,5.66395080164688,2.08166493029114,1.88928642919594,0.384311337814006
4.03076492001713,6.28728289156941,2.28984535058083,1.93857554453898,0.42739565262864
3.96884359797623,5.71802191554482,2.06469398231686,1.92055016443395,0.392629726523988
3.98719944247823,5.97837869167896,2.17575644707561,1.94233564393019,0.414775508156313
4.02163620087998,5.36165469894868,1.92911140466989,1.91917298895766,0.408667776314444
NA,NA,NA,NA,NA
4.02160997881294,5.62082331618553,2.02812367738028,1.8968589774869,0.383805525926415
3.96434825508491,5.28922475761019,1.90989395552621,1.87633876498606,0.388415156761035
NA,NA,NA,NA,NA
3.98242459142608,5.60603076470252,2.06224975307774,1.89394263826929,0.401419459629453
4.01507931098078,5.00603162104004,1.85021569994346,1.85727798177456,0.369180483989073
3.93895120917966,5.75129439044968,2.07868923848258,1.90535431506057,0.408171237117849
3.59917422300707,5.65582276973922,2.06320220932485,1.78389281048427,0.125528364709743
3.95116195929703,5.56497193117219,1.99306492759737,1.88217310959661,0.397746507402942
3.97597959883244,5.67928487941918,2.07813541080214,1.91256429400768,0.402269426597726
3.99081378322598,6.40141025365638,2.31638599348541,1.91315911048776,0.388496484944563
3.99454008759056,5.93808107205489,2.16737388840781,1.91318473117107,0.391882578971357
3.95276071480451,5.80422667090177,2.11295347319271,1.87074975909734,0.392886541913776
3.972562509362,5.66698125036947,2.10691136960151,1.88528301662333,0.381315252102132
3.66324046962709,5.662078002689,2.04887900235533,1.76876342011793,0.131125836104379
3.98372801032002,5.80217873893144,2.14980945507246,1.91018551891651,0.395708515966694
3.98360110095821,5.46578685758178,2.02060510731494,1.8853355726593,0.402342386344961
3.99842639014485,5.98568634551931,2.17979986587267,1.90364140006431,0.374863536821896
3.97416338593484,5.75208522020329,2.0942494480698,1.92470574480479,0.404735432905781
3.97092013072043,5.28469241516715,1.92265080700103,1.89335508831639,0.400647268204123
3.98306334920628,5.81773244038909,2.12595331427936,1.87756764199429,0.372433123157043
4.02136092992202,5.62293292765966,2.07115408018078,1.9366164407867,0.403296249793456
3.99918535178199,6.07948597135368,2.22213402495474,1.94566527562649,0.404016674768078
4.01858787914923,5.73906706158438,2.05408295142828,1.91456007845997,0.404565482586231
3.9599256667663,5.72054324726929,2.09925908806378,1.91436670755453,0.381384841174251
3.67622187111726,5.63419430327568,2.02495976178832,1.76678829028161,0.128362431945601
4.02593838237296,5.77119482767497,2.09816316492231,1.8958700648801,0.378630042447468
4.02356642342851,5.59760874110362,2.07161113742462,1.8710909973469,0.379632576712934
NA,NA,NA,NA,NA
4.03013643431552,5.66485549328814,2.05878340345559,1.89067326339189,0.393263243888982
4.02603364033038,5.45005807876572,1.97504043476084,1.89219714795948,0.385643918956934
3.95672116249996,5.92490918767503,2.19339585157115,1.89555497758976,0.376405836648663
3.96771099696015,5.68712535272868,2.07588375196284,1.92969486328616,0.390202752731796
NA,NA,NA,NA,NA
3.97050886914183,5.66541197319522,2.09131680407428,1.90012334630797,0.3864952402844
4.02639869004732,5.93896699847367,2.17548246526472,1.91897789169482,0.40799146120944
4.01930562690301,5.99118082735612,2.20169533457095,1.90266751955836,0.394902097576902
3.99127165410991,5.21892022534551,1.94513461678238,1.86816317242378,0.392612982402363
4.05802564526371,5.82344572005492,2.14640814054405,1.91563255047893,0.389424259040908
3.99364556332978,5.84047497844617,2.14913571808074,1.8958853922731,0.391587927445781
3.9531050176292,5.70491724826894,2.07024944651342,1.89010890219621,0.37231203173051
4.01708728942491,6.08815421921712,2.18430279753956,1.9153118435623,0.410444834409182
4.03563401989478,5.97344527259005,2.16302045026518,1.91506900050343,0.412799528995069
3.940594318883,5.51171206757086,2.00923210057405,1.89655001905477,0.386270025289663
4.06443115358291,5.29357700667462,1.93396554634854,1.86766640060124,0.392178367287391
4.06390729072384,6.14433928349963,2.23255432740122,1.92309885980204,0.398640080274622
3.99876215189171,5.77543541110716,2.13295723822793,1.89884997996958,0.388508980053882
3.98813042456339,6.06822422532298,2.20804481599421,1.91299395272606,0.404795420917773
3.98852251322263,5.51438222052877,2.0451075711592,1.85479084849218,0.392995677595658
3.97132788107336,5.77450335045988,2.08532069439168,1.89390528999612,0.369877378520101
4.02636887351907,5.70913035408677,2.11020709408773,1.88533744583928,0.386657224087434
4.00520460244297,5.43753239004869,1.99714180677357,1.88003364582142,0.381012740896555
4.02154626980022,5.66844444767466,2.10074157505596,1.88720284311009,0.371386667848769
3.99131913650518,6.09392333811755,2.1886689154183,1.8957950238984,0.394338487288012
3.99221125890642,5.70923754398813,2.06566243665466,1.91297329141993,0.391980472554366
3.99076809528583,5.53392431904493,2.00241351192438,1.89636775414372,0.379575792943901
4.02927054754312,5.84132771232826,2.1421640900433,1.90128035833611,0.388956086569285
4.00012944279239,5.78074590240574,2.13889373795941,1.94279633450663,0.415139167416222
4.01739149985563,5.56471531411534,2.0275701081332,1.88815876686015,0.377068342983988
3.96566903060952,5.86917281587869,2.15760563799921,1.90479266943391,0.390973016461612
4.00076605698042,5.29841553864432,1.96673282822864,1.89440061648766,0.39555671066596
4.07474215297769,5.39549276878625,2.00244877859931,1.88777648702191,0.391112192744054
3.99352283717055,5.45261397590735,2.00924703745322,1.89867079296642,0.382634006806176
4.02749051591979,5.98730158332115,2.15953060016766,1.89644146074917,0.402582266112763
4.03493769502028,5.90965237441857,2.1110386840228,1.93155925992315,0.39097133911162
NA,NA,NA,NA,NA
3.98600534583775,5.55346782402646,2.03076256118971,1.92959980977612,0.39144928450464
NA,NA,NA,NA,NA
3.64704104859649,5.96702520189163,2.16766541012048,1.77295594223764,0.142507338152433
3.98354381907397,5.8918296294526,2.12059689873239,1.91429830713875,0.387010070870237
4.02714055191545,5.63464670367604,2.04082180746545,1.92253064475648,0.409388170492868
3.93640039975749,6.04474750937329,2.19378642293396,1.90936914765363,0.37935862594658
4.00393213949013,5.75655766003513,2.06733973729032,1.90140067425152,0.391977905566117
4.02306907889353,5.6101270109383,2.06188486501086,1.91724877961469,0.397033876464371
3.97600710827926,6.25052034298511,2.27296293863237,1.91837737941784,0.404814619278769
4.02738268461573,5.69802818416037,2.06252154708178,1.91051555994571,0.417634027662566
4.03022362373384,5.95690329388782,2.15911292336172,1.90911562613154,0.380350865602665
3.97592613426413,5.64658878534337,2.05725666891981,1.88463658745913,0.373472779978431
3.98177237436786,5.59872998001735,2.04112430878047,1.90367897548586,0.39296222434428
3.99482343470524,5.6970898731016,2.08052270507281,1.91321733172142,0.392468230776856
4.06594133466088,5.7442719289237,2.09602781574528,1.92325305164023,0.403651712081165
4.00900125884147,5.81259833714168,2.09794682885188,1.91024555572581,0.392544613216342
4.00712811779601,5.56471699516386,2.03292306549395,1.85993941147314,0.399187567818508
4.03258434686021,5.4852087507527,1.99259686342708,1.89517333150836,0.394837306412477
3.94903036763388,6.20200567919459,2.25510044096907,1.88241811331404,0.378592236698961
3.99047915807091,5.70927305179191,2.11262460014548,1.90966509505916,0.396059905036814
4.04067624549838,5.6512954559954,2.02584867884082,1.89584657206142,0.400816886884929
4.03390142270747,5.68256522942924,2.07210980111106,1.90172674643193,0.37996720495625
4.01000376993287,6.04686055222603,2.22810525750334,1.92135214220795,0.399383834544338
4.0096608359089,6.26163905117065,2.33764377554051,1.89958918092909,0.380038794282581
3.96949920719932,5.54206944167998,2.03404471479392,1.89872477116514,0.392933912257177
3.97516655379526,5.67875823841811,2.0074622447916,1.86423517686368,0.386770187785068
4.03200045890897,5.66435267616399,2.07106438146853,1.87005243163035,0.395043933331902
3.99648105074378,6.00139281972733,2.18828071477269,1.94972586575014,0.406949588030956
4.03848726888993,5.99408548866268,2.1984568586164,1.88703635901677,0.413786365149714
3.92927734690294,5.67553342260091,2.04433653265382,1.88196940892895,0.364949292710747
3.95030918691997,5.79932711143902,2.13079754170957,1.90392946017549,0.376761282380448
3.97366361055076,5.89309295014236,2.12948934589412,1.88528598005219,0.395839702862267
4.03186035499009,5.91280297393292,2.10464757465832,1.89601545641382,0.377601079049513
3.97352095702487,5.82724771076008,2.11419168988787,1.90077267862628,0.385976490179442
NA,NA,NA,NA,NA
4.03446617116948,5.45917666678299,2.0080989542163,1.92044007063538,0.416575867804803
3.98618725738839,5.68114081761015,2.03312673645182,1.86920272899716,0.384569702942929
4.00371724253824,5.6252326059565,2.04812595221923,1.92573849500815,0.402028745241611
4.03274847216217,5.92017853014626,2.14262208136199,1.92933505804294,0.41577976983674
3.99391604268439,5.78444332481437,2.15640474658409,1.92022632483238,0.395841371934734
NA,NA,NA,NA,NA
4.01738898488041,5.40166839200488,1.94926966171022,1.93019481300651,0.399801201852908
4.0145203929811,5.50217101619338,2.00358127017429,1.89582354063077,0.398447760291739
3.95604852592636,5.66527571160258,2.05366431541273,1.86245592791009,0.37618159222316
4.00685598346001,5.72575777365093,2.10997254238986,1.86735843627614,0.378492195655325
3.98981101237539,5.46375576480807,2.00912879755397,1.8794903180255,0.382834084943569
3.99597945647205,5.80695418527641,2.09625915439965,1.92728584725125,0.411319683800242
4.03501366809741,5.6427951378579,2.0415821752858,1.89302802749764,0.379662945594964
4.04714040010207,5.69790593950543,2.09660292388732,1.87493686878485,0.385256158791997
NA,NA,NA,NA,NA
4.02346528852611,5.46921049121958,2.01455017360799,1.88000528337474,0.356515827820738
3.97959059388166,5.3866198639451,1.92473501824632,1.91273854807029,0.386907622515577
3.9961726664997,5.60725611421486,2.04165799216994,1.91182418325589,0.404960060605996
3.95827399538051,5.75923492784843,2.11113858136176,1.87663133434987,0.384247509302269
3.99115648391962,5.96648411266361,2.14300167146871,1.92831729510683,0.411224870909931
NA,NA,NA,NA,NA
3.60021562353538,5.8768523428904,2.14332947491026,1.76523495067074,0.121433493807763
4.03044467350399,5.61934194028871,2.01862983640785,1.87386863150494,0.380672785904223
NA,NA,NA,NA,NA
NA,NA,NA,NA,NA
4.0969337072418,5.79517761550227,2.08822784071823,1.9260636936369,0.420593608013165
3.99445838987665,5.64887707639035,2.05186632894016,1.89536331905424,0.370952900118612
4.01027990008221,5.70207867479002,2.06963027767124,1.87367760528273,0.373651495369422
4.02549970096848,5.59779350806117,2.00973767302814,1.90775381858955,0.395021548156362
NA,NA,NA,NA,NA
4.01604532105869,5.573942924168,2.04688449886184,1.9114749843352,0.401410528308771
4.06584299326757,5.10862587332509,1.88592666353541,1.88455672384194,0.409121383763192
3.96272975233101,5.6286626408726,2.07868652399415,1.8817584177339,0.392966380400106
4.01958548265464,5.61594238072812,2.05760086778967,1.89750195120179,0.367499354705311
3.97232611508943,5.41400277132725,1.96106559232891,1.87948962188465,0.369365503159528
4.01376551870479,6.01976409863422,2.19524604027191,1.94424912263551,0.395277852754339
3.96056622907395,5.61478419379783,2.06090721077896,1.89706206674505,0.393621368132268
3.99219683654207,5.77049576774458,2.09759256134026,1.90267749140469,0.383456032855535
4.02319468222921,6.61275685918855,2.42172934321961,1.90875402083501,0.4047343927415
3.96888205976491,5.83725812584788,2.09010464422184,1.91396182646768,0.411177352204559
4.03888938027714,6.099632380217,2.24971021050251,1.94335461297168,0.425816951167494
3.98293840886332,6.20197494409955,2.27680145058315,1.89664976703823,0.395554487331287
3.98526446984621,5.25692162918056,1.92491746459156,1.88345481979076,0.391295721227464
3.99412071079143,5.60136297371076,2.06779413407928,1.90296630100167,0.395840865318257
4.03561583424885,5.78037181017457,2.08825541554097,1.9147781981974,0.401980248166084
4.00151486103833,5.58423403341877,2.02195499885237,1.90391116951356,0.387456888407143
4.03177094908351,5.51806223634709,1.99667478742877,1.89072015385954,0.382922306078112
3.96263713691712,6.44359242249149,2.34582252717182,1.92124308354495,0.409888972661468
4.02488331052499,5.5562543658596,2.03144794637576,1.91511511709428,0.41639411027816
3.99801489149008,5.96404857376074,2.16137578364176,1.92772157249781,0.399577609823936
3.98800872936645,5.73832207380354,2.04186843160118,1.93999825127142,0.417308414381278
3.94962936791533,5.4268078099266,1.98236579069017,1.88749273237435,0.381715524666639
NA,NA,NA,NA,NA
3.97616792126699,5.983212859631,2.184461468754,1.90950023037694,0.406666203876941
4.03345043803172,5.40857491271362,1.99040044776009,1.88350210129308,0.394977532710213
3.94394196600262,5.64233758556532,2.05024590457871,1.89436987529997,0.375917292784785
4.02871555485875,5.95604759526804,2.20293179540584,1.91019016034398,0.427309221890451
3.93316197052761,5.85207780018261,2.0855480006582,1.88188113755191,0.383600398966641
3.95731957628428,5.68946168000529,2.11457322343147,1.89887746003431,0.378116878080406
3.90969362056908,5.64350566223997,2.07958830140606,1.88466645475703,0.365170575240799
3.61169686075352,5.85141251915683,2.13784641325533,1.79943025559858,0.136156410775868
4.03877366432708,5.71532790100751,2.07358746545435,1.89129899294934,0.391903964515059
3.9778948494038,5.66388472613035,2.04504440185104,1.89924276055681,0.403558246364761
4.01033611496953,5.83444539030993,2.152569658563,1.95514640611126,0.403028296495041
3.97346693409716,6.07887898611971,2.23700772070003,1.92188139207781,0.40766940822247
3.96325674006791,5.59911539626401,2.04626062822547,1.90310921279233,0.378328451818164
3.97210871283432,5.87965186375626,2.12886117850231,1.91982954752417,0.387194973824231
4.03378451239908,6.01314079752372,2.21465089762067,1.91844446763905,0.419079816483285
