"beta1","beta2","beta3","beta4","beta5","warning"
4.10311211931538,5.82776275357979,2.1649262447058,1.87256724905558,0.382666331861115,NA
3.97659490246772,5.73613941679876,2.10188413873172,1.88864694710899,0.4010538940625,NA
4.04942758119455,5.67182871918347,2.09006371672275,1.85052177560538,0.370099897600086,NA
3.87938324769831,5.75281695134101,2.08249845800453,1.86542987673378,0.355057240640946,NA
3.97771707990546,5.63054185133709,2.15454899050198,1.81814192847398,0.340794946027889,NA
4.09138460111471,5.7987318424689,2.11143052859365,1.92673524306725,0.421388162415221,NA
3.93166040056222,5.83423737046893,2.14224237519025,1.89587471429354,0.363455306904476,NA
4.0208148603297,5.74650656852222,2.12682525323823,1.89186971635534,0.377210098095003,NA
4.10131077925686,5.64917621312952,1.99804048773847,1.85851393938068,0.362258956526968,NA
4.01471244869592,5.81453738258515,2.14190300494112,1.95378934984174,0.449952959129578,NA
4.07106638622071,5.71056940264224,2.15098181762508,1.85878468847769,0.382901184130245,NA
4.01198472210675,5.80304804172649,2.17667946548499,1.83781498315814,0.355522211958001,NA
3.92395662852624,5.66721004542265,2.13935489309865,1.89841389971435,0.40069912033392,NA
3.95116024731424,5.84805208397188,2.23673111099429,1.84868758043979,0.32834405209348,NA
4.00964982153927,5.72815764127937,2.1482581894842,1.87426210982743,0.393793306273773,NA
3.92384178391305,5.70997426604225,2.03665256274492,1.96083599508285,0.468757428467899,NA
3.91791209332893,5.83522256262419,2.12713021680733,1.97868858240158,0.389935009797233,NA
4.00821021861119,5.73525733830657,2.0769208537736,1.94661181552264,0.434969271997962,NA
4.07173327958879,5.74744589358588,2.15656449417906,1.88336672108913,0.383992519461388,NA
3.93601960283916,5.87210372025021,2.110205315398,1.87100830071648,0.337850891997249,NA
3.97159756239934,5.78950955338449,2.20705911635105,1.87193425527427,0.397810596922565,NA
3.86478326798374,5.5849168257878,2.07975309624402,1.8548058579167,0.377664127681634,NA
3.94050993192301,5.5698070880997,1.93844772788807,1.88928236471129,0.426294864425032,NA
3.97564968711223,5.87854842399311,2.13447760203452,1.9046704917919,0.376861404468329,NA
3.92232484759597,5.80453103153568,2.1165185771731,1.90676176617211,0.408772332346684,NA
3.78236072208738,5.82055328049269,2.0794469374181,1.80172084784947,0.283154713250164,NA
4.01631421545166,5.66026748967178,2.18291106058506,1.89238149689307,0.416245858121545,NA
4.01384588513356,5.7703082856079,2.12988492037874,1.91909912562147,0.410825468631158,NA
4.03333945335628,5.81361747935618,2.12712156835809,1.87811491440197,0.365390760536392,NA
4.08186740750291,5.60436371866711,2.02992551846321,1.91180137661085,0.421179505800483,NA
4.02319839527137,5.7696073012202,2.1305140999298,1.92110017255492,0.385799857136656,NA
3.98703404936555,5.76589070655721,2.07874372562855,1.90538399343836,0.388102040955181,NA
4.00015785215061,5.791271170787,2.10340212009308,1.89653991003177,0.421797512935521,NA
3.85343461809583,5.70557191587329,2.12757390949686,1.87427089931085,0.372440637685705,NA
3.74855232181099,5.90259325585255,2.19336351652824,1.82374515953233,0.277587018785527,NA
4.06810523849404,5.6390940473027,2.07593113463402,1.91298740930543,0.423136854061618,NA
3.87974500677284,5.75187471620099,2.10945787742283,1.93827752972845,0.44527180140124,NA
4.0412940818692,5.75156483027901,2.16455502286103,1.90396917303646,0.398847798131683,NA
4.03266161992923,5.78479895000787,2.09734879748689,1.90049161818026,0.373962146520671,NA
4.04362455593837,5.73465502847576,2.0490174047996,1.94351932083995,0.419362625819861,NA
4.07232097373213,5.69485068396706,2.06029839498937,1.90361794897233,0.383359864193037,NA
4.10928114444638,5.85591380582064,2.15264249608631,1.95463859209098,0.403590251002296,NA
3.95606251549115,5.7734547426093,2.16197039680927,1.8883484849318,0.383556107435715,NA
3.9813033658341,5.68646569133797,2.15633827453506,1.92909644842517,0.424282140895012,NA
3.95166834829194,5.89062430234222,2.16644300297821,1.90559564828476,0.387028624598825,NA
4.03511759710576,5.70714807683533,2.0883241191523,1.92768480477533,0.42125356803163,NA
4.02979284514142,5.73126603696474,2.10436529163234,1.89485545472218,0.418788457645964,NA
3.98212098277276,5.72487913081624,2.12137302304375,1.88635448867601,0.39330135614484,NA
3.92015011123943,5.70249182343837,2.10588627796647,1.86414744627153,0.353422008204046,NA
4.00052589752328,5.66519612330547,2.10367054624508,1.89137833563968,0.396355892422964,NA
4.03879036201104,5.86350753783712,2.15270832207719,1.90369511170114,0.396377409007501,NA
4.00109173758711,5.72536699911714,2.05790767660469,1.88570828076932,0.392725075302967,NA
4.06716602796468,5.77286122760081,2.14790986797933,1.87962926121928,0.359230940140414,NA
4.01567495598295,5.68675402981199,2.13253680435473,1.86661087659587,0.374342948266696,NA
4.01998324337881,5.59220529156201,2.09699070443535,1.88223568825772,0.393807084686461,NA
3.87970544978779,5.69542026530145,2.13610897589889,1.93354783414301,0.417836213037923,NA
4.01470021715601,5.79869107502491,2.17206537715959,1.96562734107749,0.428758775835872,NA
3.96153788429494,5.91043344332777,2.22114778975292,1.87731677398478,0.37358568635261,NA
4.09658009077664,5.76546867133801,2.05478631818312,1.90107984310949,0.420224385468756,NA
3.95540129623013,5.71329297367503,2.10726391239908,1.91581735705867,0.396986506426382,NA
3.97910496116306,5.68069576522436,2.1272056227227,1.90907089305102,0.410589119130333,NA
4.01109964342981,5.66523231514048,2.09853500633247,1.89494070431093,0.399812814098655,NA
3.85464477447854,5.82694954328334,1.99835161942215,1.899618142981,0.381164417037864,NA
4.02957432556082,5.72984005703685,2.11531627342294,1.91489068633187,0.407098281116926,NA
3.96318582471205,5.71759153813214,2.07128333323059,1.88573816833109,0.38671108060875,NA
4.07446682477958,5.73924472610696,2.08218788373474,1.91835271002551,0.441238781839761,NA
4.01930217750402,5.79122391937365,2.08714992153251,1.85359477791231,0.355680459838126,NA
3.81419061675832,5.77873118748799,2.11077671023143,1.85915582860314,0.355446763299603,NA
3.99999763352186,5.78003578298352,2.04619925612649,1.9062541839629,0.407430918217575,NA
4.05445500784816,5.71382072725055,2.14090095607435,1.90412807570489,0.44820250980646,NA
3.99642449432908,5.7939158509868,2.12437904214078,1.84720174574996,0.394122949779229,NA
4.08481575593655,5.70931001776156,2.15549219874253,1.92561193724266,0.403952504149074,NA
3.89996817365844,5.72243506553765,2.15638541855033,1.85882443413484,0.381637286442633,NA
3.98368411075315,5.69923390891472,2.11918536850243,1.90879849409372,0.3713785777288,NA
3.8744237877415,5.73508589748692,2.09673027208741,1.86905547492203,0.354580924427219,NA
4.01001293603102,5.77143177655518,2.15009555415013,1.90381462204885,0.357515396731236,NA
3.92604206231215,5.76044736079655,2.10353155893544,1.87746237102977,0.360683034514298,NA
3.90662429349438,5.75370368603584,2.12192535975042,1.93823971291751,0.415108541435239,NA
3.99362163330082,5.68928342655039,2.09268192077308,1.90243484340334,0.40391933791029,NA
4.06420187619636,5.8041287289359,2.14475941217256,1.93967456807572,0.403208735071187,NA
3.90590469828848,5.86944546763053,2.0325774253667,1.91221774389094,0.375934752191661,NA
4.00666528585144,5.82340901709749,2.1328628454981,1.88362087942924,0.332241689921647,NA
4.00031924889692,5.7052336164773,2.16115763563757,1.90384204607102,0.419606461747815,NA
3.97429291111525,5.71732947243983,2.12024369032502,1.91299408441361,0.431203690569181,NA
3.97163021946241,5.68747134628988,2.06697470278753,1.90074607073193,0.401615634600175,NA
3.96265487840221,5.76259232813295,2.10574406044106,1.91327312926552,0.380084003044457,NA
3.88890706630225,5.86304748737005,2.19120090782577,1.90533322624509,0.382666666723235,NA
3.91120450580893,5.75297165796196,2.13729124071694,1.79146285291591,0.305078001053864,NA
3.92402446889697,5.80433510514688,2.07555147172857,1.9284978555674,0.381543803857405,NA
3.95951066953262,5.82340624862372,2.1070327639342,1.93419816826527,0.402826966986337,NA
4.10633115973949,5.74881147481047,2.1157297624177,1.89640837121338,0.409971398847376,NA
4.02230761943636,5.72117820073808,2.12613561032875,1.92138752852168,0.399583693724293,NA
3.96658281725356,5.72640240299666,2.12686086598901,1.88249598948367,0.386661581045969,NA
3.97960168523487,5.75519397194909,2.20102156891405,1.8836434451658,0.333347270254423,NA
3.98427133424871,5.72725100882162,2.04746057377847,1.90981495647963,0.406693033692407,NA
3.8797936512119,5.7488763068745,2.12683196086368,1.86833071050057,0.341599305737554,NA
4.04025816265288,5.71743868379551,2.18302862240588,1.91221107004894,0.397635894829817,NA
3.91664383323584,5.7303736198109,2.18046810406273,1.92142935092374,0.434388764177262,NA
3.97915545566375,5.72044463871618,2.13053704070787,1.87979730600789,0.377974361696659,NA
3.97877084428188,5.73428587540532,2.13127732978759,1.91813241870081,0.398593536115303,NA
3.87488276209684,5.75270402392363,2.10863625428061,1.90310403936828,0.386167439986157,NA
3.97576067990691,5.7585194934689,2.17609330986107,1.8980134874012,0.419241773554115,NA
4.02068392277091,5.76059440439669,2.15414232498832,1.88299874516307,0.394748206707305,NA
3.9371082084816,5.85107135489653,2.13564869143711,1.90363209920463,0.387589550825796,NA
3.99407962691022,5.87252301666137,2.16349851944394,1.9343202132795,0.406760786934259,NA
3.92549599963789,5.82423973881155,2.1498385485178,1.92008654708394,0.368911419031617,NA
3.99982765694529,5.73105249910732,2.11533055013293,1.90429028520098,0.414907819151611,NA
3.86336912428557,5.84736344963186,2.1337568923855,1.87964529643615,0.351149755626603,NA
3.85516464141477,5.79628047196542,2.10036499940606,1.89662347323612,0.375752546093641,NA
3.98420133546681,5.71118052189088,2.12702859482902,1.86809753304706,0.351538356449812,NA
4.07415883232356,5.71825268091506,2.21433822128398,1.86442321972444,0.38862650478405,NA
4.06999315215587,5.70845683061632,2.1229491736249,1.94797982211908,0.432253870344868,NA
4.0089088741687,5.73647431263043,2.0242129680266,1.94734998047502,0.383090509283725,NA
3.85603162788529,5.7733875024972,2.17420229501383,1.86513241511668,0.361453266670136,NA
3.96048689893116,5.75657510899366,2.19048919952315,1.92929753794306,0.422052188724815,NA
3.97710221328279,5.72182450194267,2.10167128869181,1.93353168009328,0.439700090795632,NA
3.98524785097566,5.73965570339793,2.09776812031931,1.8852222196246,0.399873010379385,NA
3.99557296265379,5.73823305548111,2.07482380252128,1.90416443789094,0.37156272196228,NA
4.03974108777917,5.6659178459894,2.10522648830611,1.89721080316984,0.395588618466292,NA
4.03652892037508,5.72828704112678,2.08047882401559,1.89598130731674,0.423585452069757,NA
4.00003822116521,5.65566460402123,2.11992116829933,1.88288931649248,0.401709251512394,NA
4.00164594074176,5.81801660420201,2.1858768666866,1.94100202727735,0.421971113676219,NA
4.05394153913054,5.75234584033875,2.13022116706187,1.91668277092804,0.406012800935817,NA
3.98567696904321,5.78713288444027,2.21133722278004,1.88256400637915,0.35592032721306,NA
4.01153611913334,5.77530783985941,2.09846819074783,1.90314953435069,0.397952177121276,NA
4.18331893638704,5.70092739547055,2.10325443849745,1.93217774274735,0.42534455578313,NA
3.92922679266581,5.80690389106072,2.20887036296785,1.91178524507482,0.4041360367549,NA
4.00435856630544,5.75772309971124,2.08646471455415,1.83898156101712,0.362479567106476,NA
3.97571060911676,5.76895493380804,2.0776807868578,1.92383437186943,0.428653743749793,NA
3.92712821182123,5.7622537657472,2.11637019704034,1.9485991277117,0.409411067489237,NA
3.9267076149692,5.87814862593258,2.16655081796925,1.87610620550701,0.363483287924386,NA
3.91150697664712,5.73896759451237,2.09836282336786,1.92819764791708,0.384776655534723,NA
3.98553703702773,5.80298929876321,2.14328802504995,1.88909087310565,0.382894453181874,NA
4.07288337541735,5.82800649207458,2.1692041533255,1.92796989595491,0.424878794378531,NA
3.98379544299992,5.79187241136979,2.11250196845244,1.94793861705621,0.412419562583571,NA
3.96143697129685,5.7684165778182,2.17470290233002,1.86442784246795,0.373744333985145,NA
4.08178745329823,5.72924514559393,2.14651146943132,1.853748673041,0.377467190201602,NA
4.0277034924913,5.65037085126805,2.02959834509343,1.87273583854068,0.36528687073759,NA
3.97565793771541,5.67418838638254,2.091704838881,1.8973598886586,0.400097656906356,NA
3.83977278290422,5.75475775315042,2.15520978461767,1.87210648987592,0.374954435072753,NA
3.95416442223706,5.74830118801781,2.04813689712883,1.83473336726496,0.305189371777686,NA
4.09621698441281,5.75148852954556,2.20141723377521,1.92882431077229,0.439790099183223,NA
4.0651694753766,5.88037089571768,2.08825153142104,1.9321084516288,0.403617437754997,NA
4.13080767466319,5.80624132211393,2.11416606890356,1.92965711146924,0.418265739634164,NA
3.94338246087442,5.73167913456445,2.16640023656881,1.93713850047612,0.402428536399364,NA
4.0580946947932,5.60166576753763,2.06841441757218,1.94396919355759,0.455870352505697,NA
3.98320295369907,5.74994522835507,2.03422306837922,1.89072492713821,0.378060186497711,NA
3.91410210531221,5.82812718993359,2.12003005974757,1.89130278973541,0.365373089130537,NA
4.10399386668215,5.60761625612605,2.07343445172887,1.87619679543557,0.379947751783845,NA
3.92350183775072,5.69397621526591,2.1835354024403,1.93321281817402,0.441491123684855,NA
3.90783232200141,5.76041707592473,2.15340009129272,1.97103882792487,0.430353548896008,NA
3.99350720788605,5.71298227990779,2.12418786413973,1.94730902407997,0.418741882402305,NA
4.00967020961168,5.71215022157072,2.12396661989813,1.87726756141709,0.347451075748242,NA
4.0305867727058,5.72032548545264,2.14452965988368,1.92208322838959,0.415388597617414,NA
3.9858489386669,5.72517692826717,2.13342607917074,1.89679595554393,0.407074482380939,NA
4.01793042975796,5.51604697400387,2.00198452956355,1.87968643210487,0.418103010906562,NA
3.99822786794853,5.70847200986133,2.16100159024424,1.83377630249197,0.322859646017021,NA
4.11168369490838,5.60952065603717,1.97151065640426,1.88877549234007,0.395937492973083,NA
4.02757614092105,5.76478166000553,2.15783391770992,1.84863561472897,0.362218175405819,NA
3.90044330726894,5.69862441886391,2.10616608412891,1.87713272099917,0.35827953838823,NA
3.97529224129489,5.75039131677282,2.17564881893861,1.89617366539785,0.406358450607055,NA
3.96494424953555,5.85085874034538,2.16673530411966,1.91209784482824,0.399911904226178,NA
3.77496080413597,5.73379268768855,2.11587791939944,1.89237862782637,0.39314744314057,NA
4.01959625723178,5.73334414828231,2.13927583689232,1.92545576611867,0.440342106307011,NA
3.97214245313132,5.8162873996272,2.12998256267207,1.89910552959254,0.395132629267143,NA
3.90606018644062,5.73798854011393,2.13187675009,1.8900742952173,0.373940395312103,NA
4.1260989700167,5.70691764019085,2.10260498293486,1.89471740161468,0.385323735951669,NA
3.96709307460212,5.71049319876306,2.09797636321625,1.87962211047262,0.379415966270534,NA
3.93252901451745,5.82907747377157,2.14311791752365,1.81839226798656,0.328475558750097,NA
3.80473848492582,5.74771996195175,2.11286210461962,1.77362754322631,0.265398885073717,NA
3.90469841363683,5.71265389145313,2.14272604194109,1.80814354806688,0.320718551874383,NA
4.01684479244095,5.78626435563915,2.20702597724058,1.91460387450538,0.420661977800564,NA
4.15343778561533,5.71961258071852,2.19683614128807,1.91627957640728,0.411600906093217,NA
4.09235915368984,5.7662077851217,2.05078470865235,1.88269282311015,0.384486824503352,NA
4.09072195484662,5.7759642426953,2.07014862124246,1.92668102275229,0.414863686213553,NA
4.07200827122623,5.75278048757309,2.21922574739925,1.91835749835846,0.424983629939272,NA
3.93802086249527,5.83124933231483,2.17192028691092,1.92800601030218,0.399346170885827,NA
3.95934918487952,5.80577840614297,2.17540347983014,1.93021366476364,0.409319766061576,NA
3.85038892969408,5.69531438998515,2.13363526972241,1.86534758193713,0.363301906790642,NA
4.11583284572099,5.83506032330193,2.08308659751113,1.94069648515628,0.427311265416352,NA
3.90890226877766,5.75245840153297,2.08754807154449,1.84326480515545,0.331366843653556,NA
4.04755550311084,5.74507500752389,2.14204095870385,1.92644530524909,0.404422898381621,NA
4.013723488559,5.8001784285088,2.11390171940994,1.96822952918136,0.454604355048958,NA
4.02683032736816,5.82789041232066,2.1724354898867,1.94235619333596,0.421684409331579,NA
4.04020844789713,5.7223261200379,2.09976971994844,1.88562233458282,0.407656478819816,NA
4.04181370916488,5.6946537225021,2.12610859542895,1.95724882875151,0.45702463153079,NA
3.98948320098491,5.77266998693737,2.12633297135091,1.90005587428079,0.358858149223608,NA
3.92685496526298,5.68955993429197,2.02969990258693,1.91155327622124,0.423052694582903,NA
4.0762981622234,5.68134896267432,2.10789185200748,1.90430760357725,0.377688046794914,NA
3.85166984441714,5.69315868831331,2.13155448465045,1.84595358792355,0.341147873801135,NA
4.00238348098486,5.73859404222178,2.15960262762635,1.90107805596205,0.414220472945984,NA
4.01692505775973,5.67946256256711,2.10237117787353,1.87872807240075,0.36234402363588,NA
3.97935565767605,5.64848047019592,2.05036615348702,1.86468244627087,0.375971805673348,NA
4.05883852194603,5.65539575962475,2.06558831528855,1.92650502014086,0.425808119970306,NA
3.96733620244128,5.65447370587195,2.07071604173014,1.84773054198925,0.321501005997443,NA
4.00366949135943,5.70641279713152,2.13312903341822,1.89815740708377,0.387072719790948,NA
4.11721740124925,5.58103773532352,2.07793373226313,1.85717081542952,0.393239475059806,NA
3.95216410647409,5.759960407859,2.09985783003365,1.90051520861558,0.395858872746423,NA
3.95230148460512,5.65756017012658,2.1359723127566,1.92552746184406,0.438868703296384,NA
3.87492206674366,5.76166326755086,2.11474692354975,1.89767945421012,0.346576543668991,NA
4.08967202277179,5.73162882689431,2.10712017534522,1.85732423248477,0.377871497374273,NA
3.81813101517965,5.87035318489641,2.13876579694123,1.83901144492082,0.264313165125627,NA
3.97792063649004,5.68488814103521,2.17014672685537,1.85364123867735,0.366534939578228,NA
4.06587817077502,5.69293428444209,2.05097795866306,1.94311445204967,0.450863130272048,NA
3.93737187937435,5.7660482560532,2.1715750632912,1.91011493626651,0.431835637614831,NA
3.95439429129097,5.73376111307926,2.13804382065849,1.86887472583153,0.370604467077239,NA
4.06780879336191,5.74230633980886,2.04676386559098,1.93245714051578,0.399921645174286,NA
3.96494341871637,5.7283099748538,2.17436385706393,1.93610572215846,0.438459341463371,NA
3.93437776349904,5.68534608504222,2.12824543916096,1.92422718007256,0.405269015497057,NA
3.96636854675277,5.6641522116904,2.07874128590621,1.90955925129011,0.402758644347404,NA
4.03253610152722,5.78775848552323,2.09538272229306,1.86215309029268,0.344125809479519,NA
3.98219103377178,5.70517891904608,2.09472886632778,1.91177690959341,0.425257626972967,NA
3.79204503522658,5.86652577648347,2.15969575217188,1.84158903890856,0.324511389141235,NA
4.06097766833954,5.77314717903716,2.09803886915236,1.95464780274199,0.434974853856926,NA
4.05750786831586,5.55412702333944,2.07365724509138,1.92666691344163,0.429147942949045,NA
4.08518105658322,5.70714628583969,2.08193961875152,1.90603532547181,0.42431018467167,NA
4.02143800654008,5.77569782403471,2.20116448843345,1.91456745524979,0.422524060601504,NA
4.02940388213584,5.78321247466284,2.09164919946399,1.88744768786773,0.391093015330461,NA
3.8813284055694,5.6973407014758,2.12360098189247,1.88582861813664,0.378936721735751,NA
4.05757760583558,5.81140731443296,2.19187358762041,1.95942872386008,0.382403680968742,NA
3.98504845801914,5.85587403571746,2.19210711508084,1.89142669654181,0.367959124181098,NA
3.9828328136979,5.79304519925066,2.09422404649831,1.94971794508844,0.416716017779854,NA
3.94499934204932,5.88643499627652,2.22703240797085,1.89902021010466,0.413268554485525,NA
3.94303502463074,5.75905301733715,2.15597852629625,1.92247806537763,0.387804735325037,NA
3.99755390860962,5.72040186754505,2.07092049322423,1.90238581115658,0.399205717266575,NA
3.95297393576371,5.67062657544095,2.02430391148418,1.91450374101713,0.420738043193062,NA
3.92920557418236,5.75324861628898,2.06313977006594,1.88698858817598,0.363350001560893,NA
3.96216443134167,5.81736209451772,2.19048802394706,1.83419864313875,0.291294645589946,NA
3.95814388307498,5.76076413250442,2.09352475796539,1.87049607622186,0.402589863119248,NA
3.97094571686077,5.71580522506943,2.15252819816349,1.93752865678369,0.415706766599478,NA
3.96837338214538,5.75266974056209,2.13235878624445,1.90632969766821,0.418163070394746,NA
4.02890080765844,5.78036972820956,2.14690589173768,1.92893692286889,0.410043582215653,NA
4.10770665395459,5.66987139720239,2.06057787519492,1.88985903015827,0.39645023547134,NA
3.94325514997397,5.65434557137114,2.12249591904292,1.89896602231599,0.385849421323255,NA
4.06155039331286,5.69461299521524,2.15226745454059,1.92213621209527,0.430854337186214,NA
4.04677045140301,5.89626647567502,2.19698346909622,1.9462646686894,0.400979899955383,NA
3.86745506198188,5.64456477840435,2.08204537387925,1.84692574943156,0.373677584703217,NA
3.93377530160381,5.69570854745212,2.06696848632888,1.93576609309516,0.419917671107836,NA
3.93010415712178,5.76495735304059,2.06460748641248,1.8460499836193,0.357262386045942,NA
3.95246044121948,5.91326499369303,2.17928121620819,1.97394477843141,0.421744763593607,NA
4.02544682796766,5.70676966495842,2.04373398942751,1.95996852917171,0.435231882982336,NA
4.07778218351508,5.78831625315055,2.15609547777803,1.8281563569127,0.332638285315428,NA
4.09681679388388,5.67910855132804,2.10461638563017,1.89064950010686,0.42529960241781,NA
3.88045241909354,5.82294314221169,2.230379833342,1.92746571465796,0.37602966552501,NA
4.00219462335634,5.71759475352482,2.06737550724165,1.9170130568317,0.40085604928063,NA
4.14369066479375,5.79684821485026,2.12815980237096,1.91188178338096,0.396174560646396,NA
3.94829836638722,5.83148547181922,2.11860556946417,1.87485162190555,0.340161604556764,NA
3.93220553666174,5.77509872673235,2.14381786105709,1.87686749579781,0.373559057829142,NA
3.92614936706793,5.69040176484052,2.14312840826814,1.86500234378064,0.366746900981834,NA
4.01003839106903,5.73173535205727,2.08200346304014,1.86933438707917,0.365018666139527,NA
3.89377586679758,5.71621217337812,2.16361367667344,1.85213751258321,0.367201234587646,NA
3.89837512879345,5.76732090208691,2.14883882590939,1.86577379382434,0.343559022485485,NA
3.95094766130075,5.69379725885048,2.11425078142815,1.86741718631883,0.396004586888911,NA
3.96222315204068,5.66278641010841,2.07978902399119,1.90582078597042,0.405616719382527,NA
4.08564237552711,5.76224330669771,2.09288771363902,1.90925070243579,0.384243927685557,NA
4.09359128017808,5.81353110681449,2.16444762085174,1.95342496640307,0.431461300581789,NA
3.96086341310684,5.66968485662824,2.09250840720627,1.94725927613632,0.453165540333681,NA
4.06777131373538,5.6558452022222,2.09148180023569,1.91150801282257,0.436757875973228,NA
3.94318468058156,5.59470394477726,2.14406138869632,1.87169613323233,0.401080201304113,NA
4.00806346174781,5.68626310394974,2.05865067480688,1.86794880409145,0.362140149065812,NA
4.06358152571389,5.68099969884087,2.09569024252991,1.88005768714322,0.383046626585981,NA
3.94016571795224,5.62880174178088,2.10742158069292,1.91995288602966,0.424943481244339,NA
3.95674203951168,5.74218749410373,2.08789301915681,1.91098971535036,0.436361580233488,NA
3.95672995861059,5.64820373286759,2.07840071257649,1.88814887421763,0.402399449941679,NA
4.02047949060428,5.79313330690274,2.16557959872199,1.93410309083745,0.42223745798105,NA
3.91221601074102,5.80564720594682,2.10798025961124,1.86949753821803,0.324627214233441,NA
4.15399592490804,5.58699837347814,2.04476392808726,1.9151632332845,0.436590606544931,NA
4.07716956952042,5.63101668689615,2.0836151132231,1.93558224083206,0.425875966524584,NA
3.82405584857802,5.87132862933486,2.13075559125899,1.8683588557977,0.330243888013413,NA
3.98060109312282,5.87078596976985,2.16864128283553,1.92436171498674,0.384278761544368,NA
4.07674659882911,5.72665325730652,2.11012223928382,1.90528647686001,0.380756424571158,NA
3.85260461823478,5.73828889400118,2.12366994201049,1.88339432931766,0.384524112199524,NA
3.94351716518696,5.7244481980422,2.12114195435878,1.83803327696684,0.333428980002236,NA
4.05879939107154,5.91639339778644,2.22878448314897,1.9018432136336,0.35932707174862,NA
3.95307382653721,5.61901482978153,2.05076598347562,1.88643055089163,0.385095544190644,NA
4.1173996032698,5.61152353338908,2.01362415897337,1.9165575251545,0.400673793363993,NA
3.8636896744488,5.79360882460824,2.18352793018881,1.91689352412974,0.407711589005101,NA
4.0546239582036,5.81332525897109,2.12578320142512,1.92183967169664,0.366816722719337,NA
3.9736242931088,5.82882686526178,2.10438406728301,1.9298085037616,0.428391589309385,NA
3.89003334082373,5.70052066586809,2.07693006398482,1.92582295277304,0.38879332280859,NA
3.95716796232773,5.76200130822802,2.14971114500007,1.88296008479279,0.382966866703212,NA
3.88974793525817,5.8103941932177,2.26154617084006,1.79855137350198,0.282476597483821,NA
3.92551699230131,5.86088164938252,2.2011056175781,1.76182143699577,0.235437918815127,NA
3.95822467382475,5.80294012954549,2.14661914941956,1.90043065717811,0.382990564595262,NA
3.94682222212495,5.65998385183301,2.07185175567732,1.89091739220444,0.370103805308571,NA
3.90532034107025,5.60145084250707,2.11236741323012,1.93192563721606,0.432613876725223,NA
4.04687370969175,5.69977818995497,2.09102101353034,1.93039315338692,0.42784240220793,NA
3.97993965051727,5.80903858196104,2.14845889493131,1.92805954024101,0.40422142403969,NA
4.05219746983405,5.78818637073609,2.08532829784694,1.8830324151745,0.388916843170275,NA
3.95967982365551,5.77898247746902,2.04890531710899,1.87926606659683,0.363809016590905,NA
3.9753113373502,5.84624858389142,2.21001359992059,1.928234685878,0.403098229341521,NA
3.95733121809124,5.72360912834715,2.11451635873952,1.8886816020419,0.361170183986528,NA
3.92415128358019,5.75184855404605,2.10444327046243,1.89008007824649,0.37559512095716,NA
3.97360763039581,5.67264297789897,2.07237779112865,1.90362786444813,0.391775232705565,NA
4.002230304959,5.69991754631484,2.02980506536559,1.87549568498565,0.386523255364134,NA
3.82259090355538,5.84886043040057,2.12182431838414,1.88169722894222,0.376308089473679,NA
3.89810815851997,5.73922499069313,2.00372527594524,1.82107982457999,0.286368913640074,NA
3.89974731360202,5.64912055176723,2.09878341318258,1.86856000412244,0.401452869187721,NA
4.07657729607418,5.70245580757637,2.15370532908586,1.92160903820703,0.395293187800398,NA
3.92855774409987,5.72698579988819,2.13868035615485,1.91990633860394,0.393592309617571,NA
3.87825922321708,5.78987685241674,2.12214131815986,1.82189004812437,0.31026105387248,NA
4.03313323955301,5.56868708626476,2.10765270215566,1.96969607774019,0.451309735623723,NA
3.95531675103406,5.72221474209269,2.12830198759076,1.92885935949758,0.422017675957657,NA
4.0157762516912,5.86080852020972,2.14223244143228,1.91456638026306,0.380037898043247,NA
3.97386638207818,5.81263652753933,2.13196399702444,1.96366170536002,0.41934566227687,NA
3.85354722573772,5.72074343987391,2.17011197184609,1.86385892231311,0.350888190156814,NA
3.93379574994322,5.74195288150787,2.11881161131281,1.85816874648547,0.353622327198614,NA
3.91913244096826,5.72252230948028,2.12003644758656,1.92726202697153,0.384446483031771,NA
3.9115771803338,5.88719459483608,2.16117475919685,1.83651116642078,0.32972122238533,NA
3.93322297579704,5.76462340671758,2.10355852603379,1.90444461044149,0.379022647692835,NA
4.02847999696479,5.64527573965885,2.14276525439657,1.90945904858601,0.409174633950697,NA
3.99188201457398,5.77790048240629,2.0457509814846,1.88825617352041,0.364565239686784,NA
3.95029921317415,5.77634102990526,2.17991431575591,1.8663735128276,0.353383345073339,NA
3.9737449251573,5.78795111536251,2.13931612880903,1.93331060626563,0.417709509390142,NA
3.94556733035954,5.76022772969708,2.10727385395177,1.91527670885553,0.392266411473972,NA
4.21448343614093,5.68090165440915,2.05777642874671,1.95732507167477,0.472070922355446,NA
3.92363535482983,5.78423480006832,2.08907451365923,1.88416939312662,0.365132634652528,NA
3.99785635675886,5.76303125611744,2.16440418542192,1.90704266444486,0.378260121894756,NA
3.9311717953792,5.86118244099923,2.15611847581336,1.84613602184585,0.344814034908697,NA
3.92383107978562,5.6965640874653,2.11913908140754,1.90724510675589,0.387674264041493,NA
3.94249842686102,5.71315072423284,2.17561540419855,1.91678558948194,0.427729330309986,NA
3.90812255775024,5.81744029735468,2.1738861068116,1.91891317890158,0.394330212563604,NA
4.00909052508366,5.61682529055021,2.02008656704552,1.90765628025407,0.410962804394314,NA
4.0660338805371,5.72081386867531,2.07606616192693,1.93006903683584,0.407372333491809,NA
4.12009967398679,5.64314635347347,2.14708771114578,1.90858265229898,0.431602479630164,NA
3.94295496586805,5.73779691476904,2.16298460132887,1.97534723810661,0.448854497522191,NA
4.01102847267261,5.66846501477187,2.10175359665721,1.88020211050641,0.384508193063717,NA
3.97739795555416,5.84403166915276,2.21197063622288,1.92378585312419,0.400241473019682,NA
4.10126635055894,5.71339565372959,2.1815715419933,1.89707581411803,0.396659089117265,NA
3.98788415416118,5.78529696143251,2.03344569563538,1.91551591755635,0.36573074627083,NA
3.96990805570173,5.68881802703083,2.14529105799564,1.84512246879682,0.33182863272233,NA
4.0531286567258,5.80211823022945,2.20594777637046,1.94385564466831,0.41337720862756,NA
4.0471117872158,5.69744852877738,2.12736595020961,1.8835775088341,0.397911101616187,NA
3.95786824540544,5.68554098984603,2.09596470643851,1.83301704050284,0.344968202277815,NA
4.06689402011188,5.70336578003435,2.03060030412029,1.87595333089635,0.394047929805598,NA
3.99783361862738,5.78362035664279,2.13069812553036,1.87386026146722,0.368400496024953,NA
3.88606946499383,5.85235986603947,2.12396184277296,1.87871490701691,0.379613820173741,NA
3.97456054758524,5.60851574532264,2.0227116621746,1.86701627298801,0.387025903150652,NA
4.02009838299778,5.81067073685825,2.18264249317363,1.9180740238444,0.386994103641144,NA
4.00727366440008,5.81134585854913,2.14326549621349,1.90609035131664,0.404307621149375,NA
3.93309126356581,5.62829743857867,1.987697727354,1.87092507155659,0.381058780369738,NA
3.99696912400338,5.89751097166101,2.234355181532,1.90402623778481,0.36549761355729,NA
3.95253466545178,5.7276236478343,2.13559224624999,1.89589331355142,0.3842673813155,NA
4.00039529189308,5.71475045713792,2.14779943972955,1.9301726652161,0.403570361966097,NA
3.96241453317387,5.84114213889616,2.19156065541802,1.92827640346856,0.410441353155304,NA
3.96586180119768,5.7809100425357,2.17814074676647,1.91163174466799,0.380098226486794,NA
3.97872242555017,5.7883137846063,2.16824258962825,1.86885561926977,0.382750148811518,NA
3.98008953909986,5.64907700118555,2.08050049008391,1.81133860917902,0.345277638146004,NA
3.97861047501274,5.75047363286113,2.11199642044973,1.86759569439145,0.354721288933351,NA
4.04080113910808,5.7562432264631,2.09203205044369,1.9258275738739,0.443212841812741,NA
3.95449486347727,5.86023616969212,2.13708535033684,1.9108825280686,0.373148280424458,NA
3.86574147225152,5.73682946170825,2.12617344176247,1.90817080300612,0.417094095262976,NA
3.95916093097388,5.71310672736849,2.09931896632719,1.92252303328166,0.390761379945399,NA
3.93232864251471,5.60824832738464,2.02874914255576,1.84776075687455,0.348100139154313,NA
3.97786925277265,5.75565914644656,2.12617242598907,1.85097543457315,0.349000088139082,NA
3.92608184790603,5.69054298459118,2.10026597061395,1.90590845878951,0.394119419972296,NA
3.90511584728345,5.69558279877852,2.12413100267611,1.91558736342127,0.38482963694042,NA
4.09430920436033,5.82379833281483,2.26451860545985,1.92260405085717,0.407105980406663,NA
4.06435553246988,5.8101368036356,2.1014052441385,1.87936661150107,0.399782680632378,NA
3.95381352744873,5.67812929198245,2.10705690829908,1.93091562856499,0.449152486135517,NA
4.02848825870064,5.85397013895938,2.10454549132518,1.86483453374166,0.348204555964647,NA
4.02848292474859,5.62035035596617,2.06733344324683,1.89492507480681,0.404430013920344,NA
3.92297790552459,5.68385549263232,2.02076334655526,1.85161855582806,0.377266229441403,NA
3.9654036574036,5.69954821614846,2.07563512835186,1.85646581337138,0.379487713608815,NA
4.01622529507769,5.7227047710344,2.04416055241092,1.85019272003786,0.365471691616388,NA
3.99478853693428,5.80119696339967,2.17329432645619,1.90353908975721,0.385320996624521,NA
3.94993758672664,5.80345004056098,2.09575454500396,1.89577702654331,0.394831454614831,NA
4.09294639325402,5.72259742287437,2.19131385347683,1.89663169242419,0.432455247438824,NA
3.96486737373506,5.69240368854316,2.11027150375142,1.86408344146651,0.383737378764836,NA
4.01872926453396,5.84575892355575,2.17793843742827,1.92091343832278,0.386821691714853,NA
3.95856688667544,5.73156613011044,2.14074744175803,1.8324721051566,0.360260688783899,NA
3.98594530902858,5.79215747167148,2.10150649237595,1.93679206814749,0.400304466279232,NA
3.98518870302866,5.72667705136929,2.1251165972757,1.86728375377932,0.350104083329522,NA
4.00120411440706,5.60793655459498,2.0796357084752,1.86066908026717,0.400982328879676,NA
3.94550664801005,5.77700132393292,2.23296797661123,1.93566215189979,0.425824932614348,NA
4.18018833272874,5.70598685755113,2.029901242539,1.93737422738019,0.419839751007958,NA
4.02685758086679,5.79165810370099,2.08162910429018,1.87988817783402,0.357026028292129,NA
4.01859322361053,5.72347770242985,2.03921338368129,1.89766480463355,0.409809803852263,NA
4.04733332918656,5.77833114548215,2.14788106770906,1.93025736859853,0.396892241250198,NA
3.97838257515283,5.62093703899158,2.06158846468258,1.90000025305295,0.373225373619407,NA
3.87400853948075,5.76515305218989,2.10172083377893,1.81632716559584,0.330159519304682,NA
3.95538066765208,5.69071800334319,2.08156183160262,1.86039864089298,0.398310707422525,NA
3.9980907774892,5.70435345812456,2.04855592068436,1.8871717414829,0.377967381734208,NA
4.03733733227527,5.69758714424398,2.12034398193481,1.84303852987018,0.381393375290713,NA
4.1789681787857,5.67324956845285,2.07401666605043,1.86090942364832,0.396665115154673,NA
4.02565389510858,5.79874037413397,2.12642724818051,1.91126035656076,0.390672422138991,NA
3.99927287026641,5.69749462250955,2.1328172640831,1.90279395603403,0.384473382946523,NA
3.9894895822927,5.69492243938459,2.085393839169,1.93738447819801,0.415896273947349,NA
3.96157977616859,5.7044513082941,2.16881756465425,1.93441384216288,0.40447465651518,NA
4.13644943082661,5.70818269886041,2.06373810826654,1.89237765048042,0.374983910427365,NA
4.07374803658228,5.75934204684186,2.03411035683518,1.88586053301413,0.390604025225739,NA
4.01900487164172,5.75813552828586,2.10255078389718,1.91623781468616,0.406607555533002,NA
4.07806238549211,5.83320308487571,2.16772833332365,1.92739178515423,0.409636819643674,NA
4.00750919778471,5.70963266710812,2.01357946610798,1.91110826371052,0.36998410650944,NA
3.90918863815807,5.7495904154198,2.09983076471688,1.86720672435514,0.37167529615169,NA
3.9759585707226,5.71464610262865,2.16126090067275,1.89076536850606,0.388275149445828,NA
4.05173288192695,5.806943570593,2.20608467329941,1.90707618033673,0.400816383214906,NA
4.04302724483768,5.60928021711062,2.07668776971665,1.80870489547756,0.358684802527445,NA
3.93428030935688,5.70184324537948,2.08446612592145,1.90952886602469,0.38201872914681,NA
4.04810076241714,5.85277548627839,2.15821629764564,1.96226691432434,0.421337693479,NA
3.96585516576498,5.825435025076,2.16506584209892,1.90602546288302,0.364298088277799,NA
3.94906064379422,5.84132102137885,2.13396300179734,1.81735424394999,0.311727902585385,NA
3.96770399101238,5.75953228224002,2.14073734096795,1.92419565977921,0.395123816041203,NA
4.00582345326494,5.69645846540109,2.10020710333429,1.9394339422841,0.428752996538941,NA
4.05386502102236,5.70404353884268,2.12110926761079,1.85058086361786,0.352211702230789,NA
4.15729145868019,5.73229352447303,2.06206580545923,1.91058303322816,0.409000147775254,NA
3.99277543839172,5.73758622620295,2.07008168378334,1.90392809088177,0.371867902984608,NA
4.01309665571953,5.60588138392539,2.09374384991057,1.89709728625425,0.390999356259864,NA
4.03395144689561,5.76616920725012,2.09922749079473,1.85629441678109,0.385386406451372,NA
4.01358813817186,5.68655331316323,2.099359390305,1.81733914668101,0.364248768686352,NA
3.94927980886514,5.65630694451052,2.08388563673462,1.87835012987582,0.377791214192513,NA
3.92297200976535,5.90181971957299,2.15035367609697,1.95122847389059,0.376207664344829,NA
4.04990367203334,5.69749772753091,2.07908850214353,1.95107091131713,0.434705609660654,NA
4.00937142704392,5.75640695037451,2.17390877950061,1.9639310268144,0.422066168327129,NA
3.97951337497244,5.73073362998112,2.15193487654638,1.90611769669635,0.377830505242827,NA
4.02997246372515,5.69262359004461,2.1183649602072,1.84106266508676,0.354626254745521,NA
3.97874414508039,5.86729332597311,2.1882195612941,1.84222167918117,0.3372862778522,NA
3.95089500415476,5.6868891846919,2.04882174428625,1.88954177996184,0.395237835602408,NA
3.90239091058832,5.7633141464138,2.09473973301771,1.86445419289186,0.350015958440248,NA
3.92910168034429,5.77047399047838,2.1215708029184,1.87235982569197,0.38540551535437,NA
3.9966275530587,5.87844058569431,2.1373439065685,1.86962473026938,0.356802435678906,NA
3.97292027379021,5.87326797918252,2.17461606519861,1.86973480039287,0.376781945703332,NA
4.03778335385342,5.76458747563861,2.20305447082968,1.9508534251236,0.453175979421549,NA
3.96999807059633,5.70249894242557,2.18286737022573,1.88218702840723,0.381619546259403,NA
3.9832500518186,5.67709914405958,2.11030369319953,1.90965677559147,0.430112370387571,NA
3.9293742390033,5.66835414424204,2.17527761963815,1.89752551116558,0.376192777227801,NA
3.98794497774918,5.73587861751838,2.1291780430687,1.92338907371996,0.415241548306452,NA
3.93887783771252,5.82188128148994,2.1520973935499,1.85523470349491,0.343036358412839,NA
4.11108314929523,5.92010127865475,2.25484111515066,1.91110745705885,0.408907633353683,NA
3.98743953346768,5.77307424713065,2.20880467422168,1.91242964373372,0.420235159964272,NA
4.03612644475715,5.67312376207536,2.12605075743081,1.90452742959388,0.41703921635972,NA
4.02659675423019,5.76709680658843,2.05510457754391,1.90826721133271,0.405268159165077,NA
3.86220545454599,5.62311202342284,2.05353695100831,1.84421234222743,0.330510004910271,NA
3.98739749542079,5.78628012463872,2.13595144942173,1.88237102927896,0.366800541843085,NA
3.92499720641902,5.83209253848219,2.15652208151647,1.90636256196935,0.372309050813008,NA
4.09967302367185,5.79795961835378,2.10590982373236,1.90062808000437,0.400041686398295,NA
3.98405604256526,5.77242384384182,2.2073549065398,1.89788725005678,0.372500568545892,NA
3.97904582304245,5.77629628067295,2.11534898093742,1.90469916743629,0.390645005801776,NA
3.85467577552152,5.69954354110257,2.08192331284623,1.87262764200989,0.362475413190784,NA
3.99234667678056,5.79627922272408,2.13299901773723,1.90936687300344,0.371661660320823,NA
3.98429592682877,5.7338996270896,2.01878480942334,1.86462392038167,0.343496837936058,NA
3.90108648953458,5.86735988248482,2.19319086640725,1.82665368696438,0.304087321336603,NA
4.02020564633111,5.77882671921883,2.15391355324145,1.89528742859637,0.411126927014948,NA
4.03065668907384,5.76150252756854,2.14170218421551,1.84279106542899,0.371298342293659,NA
4.05654186708786,5.73401948246205,2.16916054455757,1.8815486039858,0.405891825951979,NA
3.97577114767231,5.74694830153298,2.13242118184855,1.90673847399619,0.400472166221258,NA
4.05374459171017,5.60069566269857,2.03708452630461,1.88383253870721,0.415965883596139,NA
3.92770630690107,5.7390574766301,2.09263971529358,1.89054637888819,0.37173500771908,NA
3.98340722334823,5.8545531627831,2.04430796460968,1.90619044985319,0.382863445049379,NA
3.84805623968005,5.67013713949564,2.07195496783986,1.89994385496503,0.396358743342944,NA
3.95446916147297,5.77459500475202,2.18357678497311,1.88597535605317,0.380725998386533,NA
3.99029598984756,5.76061312091575,2.13673817850184,1.87879775157526,0.367105007853018,NA
4.04976195472308,5.78910073711839,2.10382039364097,1.95212988519562,0.445584955532704,NA
3.94971382318956,5.7642713569189,2.22909844483821,1.82734877709813,0.336003370827643,NA
4.02526699712076,5.68392662203935,2.08821216076916,1.87962186443598,0.388229246968032,NA
4.06765058134447,5.69058712824813,2.08110819911669,1.93747403705819,0.429947388130853,NA
4.00708603739602,5.77122911094678,2.09305999537116,1.85209375504208,0.342413972010079,NA
3.95421305644551,5.78522281380549,2.01385477183531,1.88126423150656,0.343788493088812,NA
3.9226084189029,5.68839964625416,2.1539084222387,1.8743582057579,0.378729570949311,NA
3.84718484370699,5.79276957639404,2.09696752702237,1.88189775715178,0.364792019123308,NA
3.92945073873396,5.75739997022132,2.12511999134618,1.86841900643007,0.375039598533067,NA
4.13763678827195,5.63340604978227,2.01498144443305,1.87068321470861,0.403899672476564,NA
3.99453999066478,5.705049087343,2.06971161872155,1.90078694918457,0.393371837269481,NA
3.97839333358946,5.73030314064052,2.17623660300037,1.87961233901838,0.379528563136167,NA
3.86795038966864,5.86417900679604,2.14908859991078,1.94163361034054,0.408388907187437,NA
3.94809600678951,5.62570190040376,2.05050636787508,1.8709217400263,0.387955723983153,NA
3.93756226329238,5.68482809554395,2.17769020683889,1.87342956796282,0.358232948327725,NA
3.97011355437129,5.65524958478868,2.09892851544532,1.90127669248703,0.410847039230996,NA
4.05797984352833,5.78519478897547,2.16484049349346,1.8969345516885,0.386932366895354,NA
4.08891149142811,5.70064071352969,2.17762329725499,1.9344774763694,0.445757366477644,NA
3.82367191236754,5.79265138319726,2.07102620278634,1.84722622527632,0.361002469372645,NA
3.88102134035208,5.89513915033359,2.24890802148384,1.91227086585257,0.390174563730978,NA
4.00476982146584,5.84702768879617,2.17143170300947,1.90092263201887,0.379466031870093,NA
4.03104610378339,5.69991623775213,2.06113390464047,1.85291486935892,0.371841489007804,NA
3.99350145064049,5.62152884237887,2.0695130745116,1.87331193352696,0.392489220101559,NA
3.84844327660529,5.86587482734328,2.19097085580558,1.88627007550314,0.319402632523392,NA
4.06610086692533,5.74498844182873,2.11735249212908,1.92679467852738,0.411388732714608,NA
4.05104056543299,5.80144506234544,2.19144947952398,1.90467445054014,0.40806590130343,NA
3.88074884588342,5.65821593034634,2.11880969862336,1.84585315187426,0.371986292003903,NA
3.96233154887508,5.93028028187061,2.23752873366829,1.89804597392336,0.328260417589712,NA
4.08580086896495,5.68255735795574,2.01364684699698,1.91153306541095,0.40316093740029,NA
3.89958496374287,5.69344806134911,2.03744934492856,1.85070778260109,0.314468583175247,NA
3.94557377952725,5.66476019032951,2.03520133495343,1.94225004485356,0.409148846060084,NA
3.96735488442935,5.92983394419269,2.1579596159029,1.90484190354765,0.383782415189542,NA
4.07802470554778,5.71351665855102,2.13622673601732,1.85900729139767,0.389277548242193,NA
3.92013909055359,5.62318535954702,2.15578848217694,1.88705479900976,0.42385868326706,NA
4.01096737824497,5.78998172303541,2.04077980991688,1.86377042320018,0.342139814828424,NA
3.99251145577989,5.70567005249389,2.15820790773564,1.92678274042041,0.417166937710508,NA
3.96687805075958,5.79721233545696,2.14444032920992,1.91200704252638,0.388858865780004,NA
4.16114390363287,5.81799229384123,2.18870389388925,1.98040403089873,0.439426925326339,NA
3.98902447943931,5.6764634744852,2.12683994451757,1.88321881344829,0.407909139925842,NA
3.96658398668228,5.7344549814211,2.07714001661942,1.85303636005217,0.36216332462973,NA
4.06593785950419,5.67763122667243,2.13006338702078,1.89419641948438,0.396780403378444,NA
4.08971646670438,5.74790482460409,2.15247169222096,1.88189067370271,0.362486826160904,NA
3.93457228459514,5.65113937966506,2.05940762788471,1.84196535707243,0.355165468540104,NA
4.12414203638842,5.84464116827706,2.11498486437706,1.95077196289246,0.419212655463517,NA
3.87462542120195,5.70546577358992,2.13316136093154,1.86928440503056,0.349115771042091,NA
3.95653198028203,5.8554149514587,2.27900688257238,1.85193557678644,0.341860171302012,NA
4.01109455900306,5.66724232751809,2.19892796802335,1.96709656147544,0.445254901113861,NA
3.93682722509505,5.73047692709679,2.10843831782087,1.84903590025542,0.356861912496767,NA
